Hedge 3: X: 20.022 m, Y: 6.701 m, Z: 0.000 m, Angle: 0 at time T: 1970-01-01 00:18:54-996
Hedge 3: X: 20.023 m, Y: 6.700 m, Z: 0.000 m, Angle: 0 at time T: 1970-01-01 00:18:55-114
Hedge 3: X: 20.023 m, Y: 6.699 m, Z: 0.000 m, Angle: 0 at time T: 1970-01-01 00:18:55-232
Hedge 3: X: 20.023 m, Y: 6.699 m, Z: 0.000 m, Angle: 0 at time T: 1970-01-01 00:18:55-350
Hedge 3: X: 20.023 m, Y: 6.699 m, Z: 0.000 m, Angle: 0 at time T: 1970-01-01 00:18:55-468
Hedge 3: X: 20.023 m, Y: 6.699 m, Z: 0.000 m, Angle: 0 at time T: 1970-01-01 00:18:55-586
Hedge 3: X: 20.023 m, Y: 6.699 m, Z: 0.000 m, Angle: 0 at time T: 1970-01-01 00:18:55-704
Hedge 3: X: 20.022 m, Y: 6.701 m, Z: 0.000 m, Angle: 0 at time T: 1970-01-01 00:18:55-822
Hedge 3: X: 20.022 m, Y: 6.700 m, Z: 0.000 m, Angle: 0 at time T: 1970-01-01 00:18:55-941
Hedge 3: X: 20.022 m, Y: 6.700 m, Z: 0.000 m, Angle: 0 at time T: 1970-01-01 00:18:56-059
Hedge 3: X: 20.022 m, Y: 6.700 m, Z: 0.000 m, Angle: 0 at time T: 1970-01-01 00:18:56-177
Hedge 3: X: 20.022 m, Y: 6.700 m, Z: 0.000 m, Angle: 0 at time T: 1970-01-01 00:18:56-295
Hedge 3: X: 20.023 m, Y: 6.700 m, Z: 0.000 m, Angle: 0 at time T: 1970-01-01 00:18:56-413
Hedge 3: X: 20.023 m, Y: 6.700 m, Z: 0.000 m, Angle: 0 at time T: 1970-01-01 00:18:56-531
Hedge 3: X: 20.022 m, Y: 6.700 m, Z: 0.000 m, Angle: 0 at time T: 1970-01-01 00:18:56-649
Hedge 3: X: 20.021 m, Y: 6.702 m, Z: 0.000 m, Angle: 0 at time T: 1970-01-01 00:18:56-767
Hedge 3: X: 20.019 m, Y: 6.705 m, Z: 0.000 m, Angle: 0 at time T: 1970-01-01 00:18:56-885
Hedge 3: X: 20.016 m, Y: 6.708 m, Z: 0.000 m, Angle: 0 at time T: 1970-01-01 00:18:57-005
Hedge 3: X: 20.011 m, Y: 6.714 m, Z: 0.000 m, Angle: 0 at time T: 1970-01-01 00:18:57-123
Hedge 3: X: 20.004 m, Y: 6.719 m, Z: 0.000 m, Angle: 0 at time T: 1970-01-01 00:18:57-241
Hedge 3: X: 19.994 m, Y: 6.728 m, Z: 0.000 m, Angle: 0 at time T: 1970-01-01 00:18:57-359
Hedge 3: X: 19.983 m, Y: 6.737 m, Z: 0.000 m, Angle: 0 at time T: 1970-01-01 00:18:57-477
Hedge 3: X: 19.969 m, Y: 6.749 m, Z: 0.000 m, Angle: 0 at time T: 1970-01-01 00:18:57-595
Hedge 3: X: 19.953 m, Y: 6.763 m, Z: 0.000 m, Angle: 0 at time T: 1970-01-01 00:18:57-713
Hedge 3: X: 19.934 m, Y: 6.782 m, Z: 0.000 m, Angle: 0 at time T: 1970-01-01 00:18:57-831
Hedge 3: X: 19.914 m, Y: 6.805 m, Z: 0.000 m, Angle: 0 at time T: 1970-01-01 00:18:57-949
Hedge 3: X: 19.896 m, Y: 6.830 m, Z: 0.000 m, Angle: 0 at time T: 1970-01-01 00:18:58-069
Hedge 3: X: 19.882 m, Y: 6.855 m, Z: 0.000 m, Angle: 0 at time T: 1970-01-01 00:18:58-187
Hedge 3: X: 19.863 m, Y: 6.881 m, Z: 0.000 m, Angle: 0 at time T: 1970-01-01 00:18:58-305
Hedge 3: X: 19.841 m, Y: 6.908 m, Z: 0.000 m, Angle: 0 at time T: 1970-01-01 00:18:58-423
Hedge 3: X: 19.817 m, Y: 6.936 m, Z: 0.000 m, Angle: 0 at time T: 1970-01-01 00:18:58-541
Hedge 3: X: 19.789 m, Y: 6.966 m, Z: 0.000 m, Angle: 0 at time T: 1970-01-01 00:18:58-659
Hedge 3: X: 19.765 m, Y: 6.995 m, Z: 0.000 m, Angle: 0 at time T: 1970-01-01 00:18:58-777
Hedge 3: X: 19.744 m, Y: 7.023 m, Z: 0.000 m, Angle: 0 at time T: 1970-01-01 00:18:58-895
Hedge 3: X: 19.718 m, Y: 7.053 m, Z: 0.000 m, Angle: 0 at time T: 1970-01-01 00:18:59-013
Hedge 3: X: 19.688 m, Y: 7.086 m, Z: 0.000 m, Angle: 0 at time T: 1970-01-01 00:18:59-136
Hedge 3: X: 19.655 m, Y: 7.123 m, Z: 0.000 m, Angle: 0 at time T: 1970-01-01 00:18:59-254
Hedge 3: X: 19.621 m, Y: 7.159 m, Z: 0.000 m, Angle: 0 at time T: 1970-01-01 00:18:59-372
Hedge 3: X: 19.593 m, Y: 7.230 m, Z: 0.000 m, Angle: 0 at time T: 1970-01-01 00:18:59-490
Hedge 3: X: 19.561 m, Y: 7.275 m, Z: 0.000 m, Angle: 0 at time T: 1970-01-01 00:18:59-608
Hedge 3: X: 19.530 m, Y: 7.319 m, Z: 0.000 m, Angle: 0 at time T: 1970-01-01 00:18:59-726
Hedge 3: X: 19.498 m, Y: 7.367 m, Z: 0.000 m, Angle: 0 at time T: 1970-01-01 00:18:59-844
Hedge 3: X: 19.461 m, Y: 7.382 m, Z: 0.000 m, Angle: 0 at time T: 1970-01-01 00:18:59-962
Hedge 3: X: 19.429 m, Y: 7.420 m, Z: 0.000 m, Angle: 0 at time T: 1970-01-01 00:19:00-080
Hedge 3: X: 19.398 m, Y: 7.459 m, Z: 0.000 m, Angle: 0 at time T: 1970-01-01 00:19:00-199
Hedge 3: X: 19.368 m, Y: 7.494 m, Z: 0.000 m, Angle: 0 at time T: 1970-01-01 00:19:00-317
Hedge 3: X: 19.337 m, Y: 7.528 m, Z: 0.000 m, Angle: 0 at time T: 1970-01-01 00:19:00-435
Hedge 3: X: 19.306 m, Y: 7.567 m, Z: 0.000 m, Angle: 0 at time T: 1970-01-01 00:19:00-553
Hedge 3: X: 19.329 m, Y: 7.735 m, Z: 0.000 m, Angle: 0 at time T: 1970-01-01 00:19:00-671
Hedge 3: X: 19.512 m, Y: 8.082 m, Z: 0.000 m, Angle: 0 at time T: 1970-01-01 00:19:00-789
Hedge 3: X: 19.483 m, Y: 8.126 m, Z: 0.000 m, Angle: 0 at time T: 1970-01-01 00:19:00-907
Hedge 3: X: 19.458 m, Y: 8.175 m, Z: 0.000 m, Angle: 0 at time T: 1970-01-01 00:19:01-025
Hedge 3: X: 19.379 m, Y: 8.095 m, Z: 0.000 m, Angle: 0 at time T: 1970-01-01 00:19:01-143
Hedge 3: X: 19.141 m, Y: 7.837 m, Z: 0.000 m, Angle: 0 at time T: 1970-01-01 00:19:01-262
Hedge 3: X: 19.115 m, Y: 7.882 m, Z: 0.000 m, Angle: 0 at time T: 1970-01-01 00:19:01-380
Hedge 3: X: 19.087 m, Y: 7.923 m, Z: 0.000 m, Angle: 0 at time T: 1970-01-01 00:19:01-498
Hedge 3: X: 19.055 m, Y: 7.953 m, Z: 0.000 m, Angle: 0 at time T: 1970-01-01 00:19:01-616
Hedge 3: X: 19.022 m, Y: 7.985 m, Z: 0.000 m, Angle: 0 at time T: 1970-01-01 00:19:01-734
Hedge 3: X: 18.986 m, Y: 8.016 m, Z: 0.000 m, Angle: 0 at time T: 1970-01-01 00:19:01-852
Hedge 3: X: 18.950 m, Y: 8.045 m, Z: 0.000 m, Angle: 0 at time T: 1970-01-01 00:19:01-970
Hedge 3: X: 18.920 m, Y: 8.079 m, Z: 0.000 m, Angle: 0 at time T: 1970-01-01 00:19:02-088
Hedge 3: X: 18.892 m, Y: 8.112 m, Z: 0.000 m, Angle: 0 at time T: 1970-01-01 00:19:02-206
Hedge 3: X: 18.866 m, Y: 8.143 m, Z: 0.000 m, Angle: 0 at time T: 1970-01-01 00:19:02-325
Hedge 3: X: 18.843 m, Y: 8.173 m, Z: 0.000 m, Angle: 0 at time T: 1970-01-01 00:19:02-443
Hedge 3: X: 18.822 m, Y: 8.198 m, Z: 0.000 m, Angle: 0 at time T: 1970-01-01 00:19:02-561
Hedge 3: X: 18.807 m, Y: 8.216 m, Z: 0.000 m, Angle: 0 at time T: 1970-01-01 00:19:02-679
Hedge 3: X: 18.800 m, Y: 8.227 m, Z: 0.000 m, Angle: 0 at time T: 1970-01-01 00:19:02-797
Hedge 3: X: 18.797 m, Y: 8.230 m, Z: 0.000 m, Angle: 0 at time T: 1970-01-01 00:19:02-915
Hedge 3: X: 18.798 m, Y: 8.230 m, Z: 0.000 m, Angle: 0 at time T: 1970-01-01 00:19:03-033
Hedge 3: X: 18.798 m, Y: 8.230 m, Z: 0.000 m, Angle: 0 at time T: 1970-01-01 00:19:03-151
Hedge 3: X: 18.798 m, Y: 8.231 m, Z: 0.000 m, Angle: 0 at time T: 1970-01-01 00:19:03-269
